{
  "project_info": {
    "project_number": "114276622594",
    "firebase_url": "https://ecommerce-e98c6.firebaseio.com",
    "project_id": "ecommerce-e98c6",
    "storage_bucket": "ecommerce-e98c6.appspot.com"
  },
  "client": [
    {
      "client_info": {
        "mobilesdk_app_id": "1:114276622594:android:e6ebc435bf910995",
        "android_client_info": {
          "package_name": "whatsapp.cursoandroid.com.tcc"
        }
      },
      "oauth_client": [
        {
          "client_id": "114276622594-hk1eoubgou161j5cvnl57enkuamd2157.apps.googleusercontent.com",
          "client_type": 1,
          "android_info": {
            "package_name": "whatsapp.cursoandroid.com.tcc",
            "certificate_hash": "5760900cb860b1baeaedeeb2edfb7b5fb4e507bf"
          }
        },
        {
          "client_id": "114276622594-j833gqnlj66ng4na8tn68gaqmq2gcvhu.apps.googleusercontent.com",
          "client_type": 3
        }
      ],
      "api_key": [
        {
          "current_key": "AIzaSyB2p9oxxnXH1qIqncaj6VXrilZQX1s2Hrs"
        }
      ],
      "services": {
        "analytics_service": {
          "status": 1
        },
        "appinvite_service": {
          "status": 2,
          "other_platform_oauth_client": [
            {
              "client_id": "114276622594-j833gqnlj66ng4na8tn68gaqmq2gcvhu.apps.googleusercontent.com",
              "client_type": 3
            }
          ]
        },
        "ads_service": {
          "status": 2
        }
      }
    }
  ],
  "configuration_version": "1"
}